matid,N2-77-100000,Ar-87-1,pld,lcd,void_fraction,volume,surface_area_m2cm3,surface_area_m2g,num_atoms
MURFIQ_clean,101.898,76.7663,5.2237,7.24055,0.487,8927.92613737751,739.654,657.9,657
VEMMEG_clean,481.601,118.454,6.23055,7.14137,0.6764,1630.461216099188,2268.41,2779.48,63
NOFQIK_clean,105.387,59.8479,4.61383,4.9549,0.5256,1733.0059017760752,792.567,543.181,240
GAJVIY_charged,226.425,186.364,4.777,5.63813,0.5626,8046.780062113799,1429.11,1385.93,516
XUDPIX_clean,869.579,50.5938,6.9563,11.3906,0.7746,38207.98824525,2521.72,4512.0,1232
WEBREC_clean,140.025,118.18,3.78553,5.39661,0.476,2672.880396405306,951.616,778.662,196
PIZHOX_clean,360.74,218.34,4.8111,6.00527,0.6412,2969.700083074856,2065.34,2149.44,138
TIQFIJ_clean,85.6231,79.7238,2.98341,4.57248,0.4542,774.193991060173,788.289,341.51,42
PAQMAY_clean,511.724,56.1161,13.0802,16.5104,0.7388,41257.4620711,1760.16,2034.75,1280
ILIMOH_clean,120.89,103.72,5.70962,7.40414,0.5052,6411.219647516751,870.384,742.093,459
IFAQUC_clean,106.864,51.0852,2.42759,5.27583,0.4514,4775.334502814805,667.481,365.202,312
HAHCUR_clean,206.403,187.547,5.98763,7.19827,0.546,4551.814012243357,1324.83,1197.82,280
WEYQAU09_clean,256.595,217.477,3.80687,4.54974,0.5812,3101.265741912689,1599.36,1424.8,152
OGECOU_clean,199.55,155.144,5.96321,6.21029,0.4898,2054.2016582038204,1037.22,816.577,159
XAKVIP_clean,36.6413,0.00205617,2.60058,3.10942,0.3428,2986.521323266,0.0,0.0,200
GAGTEQ_clean,168.962,120.759,3.39362,5.67831,0.5604,4374.893603313465,1405.83,853.08,224
NUHNUA_clean,286.719,222.382,3.87698,5.91571,0.5628,9135.538711578,1483.02,1712.15,648
KETHEY_clean,126.772,102.53,3.58603,5.2876,0.491,1584.9062628715874,986.779,665.865,104
NIHBIQ_clean,102.431,53.2641,3.88968,5.25122,0.4762,1741.0967796038378,927.396,555.476,108
ic502478u_si_003_clean,90.5653,55.0023,3.80885,6.55769,0.4662,15474.05335012003,531.769,392.674,1200
VAZLUF_clean,64.3242,64.2879,2.53784,3.85981,0.4148,1090.2655718634542,219.244,103.28,68
XUFYEE_clean,559.234,245.97,3.56449,16.7909,0.6888,20254.883934979,1946.61,2820.56,930
ja500618z_si_008_clean,117.974,117.329,2.5247,4.35249,0.5146,930.554492218344,402.766,297.001,52
KUZPEC_clean,153.526,126.356,3.98335,5.17179,0.4884,10645.9069278742,918.246,772.405,848
RUBHOM_clean,38.7118,38.7118,3.15399,3.70221,0.3748,1842.756955107672,90.6125,43.418,136
LEWMUX_clean,290.364,219.162,3.8157,9.4187,0.5946,4221.35579891025,1572.68,1362.95,220
TIDLID_clean,202.137,179.007,4.02928,4.2096,0.5798,1577.57308056,1264.56,962.531,176
ROCZUG_clean,409.865,56.9134,5.16908,6.74711,0.688,3606.845707825016,2487.32,2685.75,138
PIYZED01_clean,305.858,0.366731,5.63588,6.96517,0.7254,2040.168215987,2626.41,2513.83,40
QOGPIM_clean,275.945,45.3175,4.86083,12.6478,0.5774,32212.6968064,1165.5,1176.26,1332
IYOQIY_clean,162.178,104.125,2.93632,4.09007,0.522,1443.2560984391116,539.304,341.089,84
MICNUI_clean,259.603,220.092,2.87558,4.66842,0.5484,2383.6260244726177,930.579,859.578,146
GUVKUE_clean,299.101,138.743,7.49363,8.21847,0.664,17133.5904695956,2052.71,1673.24,648
UGUXAV_clean,130.103,129.747,3.27151,4.02254,0.5282,3275.0920403828004,306.841,219.553,400
ic5b00561_si_002_clean,125.847,98.65,4.61733,5.89498,0.4818,5072.483072077756,618.242,436.997,392
WIDZOA_clean,99.3318,68.8441,3.17117,4.22629,0.4404,2159.776526337188,434.262,302.512,180
IHOTEG_clean,89.2637,55.3607,2.49387,3.67392,0.4476,6492.099140181001,122.883,95.6433,520
FUVDEH07_clean,50.8454,37.6064,6.00286,6.60769,0.2898,2854.041601755404,402.026,223.94,888
LAHTUM_clean,239.56,199.934,4.86289,7.00326,0.5612,4402.56266434323,1642.93,1390.19,248
GETXAG01_clean,52.6496,49.6467,2.6262,3.334,0.3642,1811.0398384910663,0.156206,0.100043,316
KUKHAB_clean,160.888,107.531,2.96304,5.58283,0.4882,5790.476313057382,687.325,577.458,416
ULOGAE_clean,258.441,117.742,5.40028,6.57121,0.6272,7376.66792446946,2211.75,1634.36,312
KUHZET_clean,89.6438,83.2389,3.72092,6.3774,0.4054,6586.403959811003,666.655,417.448,728
ILIGAL_clean,63.1369,51.1182,4.21783,5.39984,0.424,805.5252133821378,801.718,434.983,56
OSILOS_charged,45.7509,39.1466,4.69593,4.79761,0.3838,1391.365858691947,479.152,273.164,220
JUSHIQ_clean,173.897,148.717,2.56323,5.24488,0.5274,2014.0687548284616,957.721,744.137,126
NIXGIM_clean,143.206,128.869,4.11735,5.89002,0.4764,11510.747709320924,863.689,761.539,976
IDUDES_clean,147.649,142.856,2.97646,4.4794,0.5018,1588.643810381218,657.369,515.924,104
HOWSAP_clean,256.058,173.895,4.61596,6.71751,0.5844,4593.150623768824,1670.87,1445.9,268
QASTUC_clean,144.55,135.311,2.41936,5.31945,0.5052,8305.907375063998,910.521,808.641,572
LAGWIB_clean,349.285,72.4331,5.00581,7.33121,0.6406,5898.599918246741,2231.65,2262.19,208
VEXVAW_clean,518.277,336.461,5.86323,9.7712,0.6628,4876.378013617476,2071.81,2679.21,218
XAHPUT_clean,,1.53093,20.5859,21.8281,0.9154,38661.34800693983,1104.09,6179.32,416
MARLOJ_clean,146.995,123.223,3.2689,3.97511,0.504,3084.4453619860938,401.738,256.913,200
SUQJEV_clean,165.214,151.526,3.41068,6.37976,0.5318,2400.115946645033,1257.56,779.698,128
QAYTOZ_charged,161.373,118.192,3.74212,6.37317,0.5622,2978.155243499717,1057.91,806.699,216
TETZEX_clean,186.01,144.612,9.11674,9.38994,0.5738,4849.8282474092,1244.92,652.292,208
RUGGOR_clean,156.186,148.123,2.90303,3.79357,0.5222,513.3663015513449,281.227,151.461,104
PORLAL_clean,268.546,68.3529,8.86897,9.41867,0.5682,4539.50794560163,1269.94,1154.48,256
SEVLEM_clean,391.639,149.504,7.37433,9.1752,0.6686,27031.88448730124,2062.24,2141.17,1296
XAYMUF_charged,163.609,143.022,4.09043,4.86158,0.5458,1813.42457568,1217.87,809.015,104
OVIZOJ_clean,98.1471,49.2558,2.43004,4.42185,0.4712,2107.5418850378114,413.713,286.224,146
HITXUE_clean,184.749,180.9,3.4579,7.01987,0.5396,3330.063175150609,1435.62,983.658,144
TOVKEW_clean,796.92,118.053,8.94797,13.1524,0.7342,23650.504100352,2049.64,3617.24,928
OHOLIH_clean,191.667,137.462,5.21205,5.70904,0.5328,1462.3284190750346,1449.53,1141.51,92
ISIYOZ01_clean,64.5324,64.4781,2.80137,3.99213,0.4398,2077.783512747066,308.316,138.841,136
LENKIA_clean,296.787,62.2192,10.728,11.4939,0.6288,1221.090308922857,1534.89,1171.37,108
WUZGAB_clean,530.771,163.78,6.06112,9.3852,0.6778,7591.088370333231,2013.56,2716.93,350
FOFMOE_clean,65.6016,47.2638,3.05558,4.64077,0.4538,5507.296827033664,295.829,198.695,492
WANNIL_clean,83.6616,66.6895,4.02922,4.60008,0.4274,3650.642676552714,601.135,426.556,344
jz4002345_si_005_clean,264.976,244.014,3.85924,8.17701,0.578,2084.734159795639,1495.8,1337.62,114
HIMSAY_clean,284.636,273.138,3.64786,5.16871,0.5382,2122.574209875,1254.23,1272.47,122
HUYKER_clean,394.572,66.9238,7.93542,10.7812,0.6292,22906.304,1433.71,1741.63,1368
XEXMAQ_clean,258.379,113.591,8.06353,8.3881,0.5662,2522.5840870364195,1406.28,1254.68,288
RUYNIK_clean,184.183,117.925,3.68772,5.71975,0.5398,2315.0468760003246,1400.63,1034.05,128
KOFVOS_clean,225.726,147.915,4.30833,5.23992,0.543,2202.940790250836,1442.74,1149.6,118
WEJWAL_clean,59.2646,59.2646,2.63699,4.25232,0.4426,1700.1211934558082,290.787,196.795,312
WEMCIC_clean,55.1096,35.9433,3.47331,5.03643,0.4032,3340.189338950597,623.511,256.977,208
LABMUZ_clean,96.7318,78.4886,4.12696,6.14044,0.506,15821.620355374496,1125.13,482.77,1256
ja4015666_si_003_clean,657.122,34.2076,9.04237,10.0765,0.7528,3733.1432940892737,2256.82,3142.56,118
XAMHEA_manual,584.164,115.479,7.3957,9.05929,0.7172,5076.501609520799,2360.06,3225.88,198
GOYPER_clean,117.414,116.416,2.68927,3.86862,0.4886,862.0893540732479,194.38,132.159,52
VECZEI_clean,276.969,15.4963,3.52276,5.84999,0.6422,609.404428332,1514.07,1672.22,40
USORUR_clean,524.308,196.936,5.44409,6.75938,0.705,5385.885139155053,2490.53,3204.57,216
POCPAZ_clean,342.573,240.854,5.12111,6.39676,0.6078,6879.602296986272,1701.91,1846.52,396
NIGFUF_clean,316.556,77.8584,4.62821,7.45855,0.6578,1995.37792578272,2420.25,1967.09,76
VARWUI_clean,311.654,0.667301,6.48381,8.3742,0.6946,5639.147661534744,2247.33,1745.13,228
OFIWIK_charged,15.6411,15.6411,3.14416,4.19782,0.3914,2548.878375501856,44.4566,23.8115,260
ULOLIS_clean,246.673,54.485,6.10924,8.54677,0.6388,15811.507837582656,1733.05,1303.66,648
PUDSIR_clean,329.286,143.696,5.37896,6.84685,0.647,7608.839145199369,2169.92,2053.1,332
PAMHES_clean,138.134,109.975,3.08533,4.34401,0.5426,1516.7456198194632,719.827,506.543,86
LEDJOU_clean,56.6501,53.1783,2.76367,3.62321,0.403,1990.623907008,105.723,53.3874,200
FULQOT_clean,120.45,89.2082,3.50634,5.67142,0.4972,3247.896573519098,1110.34,644.862,172
NUNTOH_clean,164.493,156.919,3.17813,4.10262,0.5398,1642.52524420405,763.584,461.93,68
GAGTAM_clean,152.908,122.387,3.29675,5.81126,0.5618,4358.156480383769,1337.82,808.707,224
XAPCOJ06_clean,284.277,227.124,7.26133,7.33103,0.5978,2750.2149213148755,1588.71,1423.49,144
UMOYOM03_clean,832.746,39.7526,5.34452,9.53653,0.7558,23705.897110747952,2816.69,4921.73,738
MAGVOG21_clean,133.443,133.007,3.09337,3.83389,0.5378,628.8649042058329,254.608,143.514,104
OQESAF_clean,168.667,145.8,4.82483,5.40051,0.5318,2782.370739032136,1160.82,969.063,344
SOYFUJ_clean,127.689,117.853,3.53241,4.60508,0.5152,5063.89294978182,918.914,623.177,672
